{"cameraMode":{"drawMode":0,"name":"Shaded","section":"Shading Mode"},"sceneLighting":true,"audioPlay":false,"sceneViewState":{"m_AlwaysRefresh":false,"showFog":true,"showSkybox":true,"showFlares":true,"showImageEffects":true,"showParticleSystems":true,"showVisualEffectGraphs":true,"m_FxEnabled":true},"in2DMode":false,"pivot":{"x":14.226261138916016,"y":1.6628639698028565,"z":-1.2308984994888306},"rotation":{"x":-0.008346608839929104,"y":-0.9882999658584595,"z":0.05818856507539749,"w":-0.14149586856365205},"size":2.719835042953491,"orthographic":false}