{"cameraMode":{"drawMode":0,"name":"Shaded","section":"Shading Mode"},"sceneLighting":true,"audioPlay":false,"sceneViewState":{"m_AlwaysRefresh":false,"showFog":true,"showSkybox":true,"showFlares":true,"showImageEffects":true,"showParticleSystems":true,"showVisualEffectGraphs":true,"m_FxEnabled":true},"in2DMode":false,"pivot":{"x":18.097078323364259,"y":2.4997758865356447,"z":4.087426662445068},"rotation":{"x":0.048729781061410907,"y":-0.6860557794570923,"z":-0.04619361832737923,"w":-0.7245901823043823},"size":2.719835042953491,"orthographic":false}