{"cameraMode":{"drawMode":0,"name":"Shaded","section":"Shading Mode"},"sceneLighting":true,"audioPlay":false,"sceneViewState":{"m_AlwaysRefresh":false,"showFog":true,"showSkybox":true,"showFlares":true,"showImageEffects":true,"showParticleSystems":true,"showVisualEffectGraphs":true,"m_FxEnabled":true},"in2DMode":false,"pivot":{"x":-10.52453899383545,"y":6.308934211730957,"z":-0.5086990594863892},"rotation":{"x":0.011681887321174145,"y":0.9641016721725464,"z":-0.26248034834861758,"w":0.042762115597724918},"size":2.7294716835021974,"orthographic":false}