{"cameraMode":{"drawMode":0,"name":"Shaded","section":"Shading Mode"},"sceneLighting":true,"audioPlay":false,"sceneViewState":{"m_AlwaysRefresh":false,"showFog":true,"showSkybox":true,"showFlares":true,"showImageEffects":true,"showParticleSystems":true,"showVisualEffectGraphs":true,"m_FxEnabled":true},"in2DMode":false,"pivot":{"x":11.207619667053223,"y":3.4181246757507326,"z":3.713162422180176},"rotation":{"x":0.09659053385257721,"y":0.8516488075256348,"z":-0.16701805591583253,"w":0.487992525100708},"size":0.32923147082328799,"orthographic":false}